cust_id,display_name,oldi_rating,avg_lap,laps_complete,avg_lap_valid,laps_complete_valid,speed,time_valid,percentage
375623,Oliver Konert,4110,109.8711,22,109.07024705882351,17,194.46650901011347,1854.1941999999997,100.0
466164,Leonhard V Ziegler,2592,110.6453,22,109.74449333333334,15,193.27174911615919,1646.1674,100.0
245246,Alberto García Blasco,6174,110.555,9,109.31305714285713,7,194.03455302398856,765.1913999999999,41.0
427545,Marnix Heijster,3180,114.3611,4,110.07426666666667,3,192.69272305607004,330.2228,18.0
805118,Ishja Biesheuvel,3855,125.6341,1,0.0,0,inf,0.0,5.0
