team_id,team_display_name,cust_id,display_name,oldi_rating,avg_lap,laps_complete,avg_lap_valid,laps_complete_valid,speed,time,time_valid,percentage
-279040,,492400,Maarten Beers,2206,115.0943,17,113.68775833333332,12,206.2900050719328,1956.6031,1364.2531,46.0
-306596,,245246,Alberto García Blasco,6218,115.2533,6,113.55041999999999,5,206.5395111986376,691.5198,567.7520999999999,16.0
-298629,,857815,Lemi Mischke,1881,114.3841,37,114.384103125,32,205.03415774105193,4232.2117,3660.2913,100.0
-201381,,346139,Kevin Cordoba,4859,117.4545,25,114.5197125,16,204.79136500801118,2936.3624999999997,1832.3154,68.0
-109804,,292820,Juanjo Gragera,2519,427.8981,16,126.486,10,185.41694925288175,6846.3696,1264.8600000000001,43.0
-109804,,562080,Pablo Alfieri,3234,114.6766,16,114.67657272727273,11,204.51124135856236,1834.8256,1261.4423,43.0
